<?xml version="1.0" encoding="UTF-8"?>
<project-private xmlns="http://www.netbeans.org/ns/project-private/1">
    <editor-bookmarks xmlns="http://www.netbeans.org/ns/editor-bookmarks/2" lastBookmarkId="0"/>
    <open-files xmlns="http://www.netbeans.org/ns/projectui-open-files/2">
        <group>
            <file>file:/C:/Users/Thandiwe.Nyama/OneDrive%20-%20Cape%20IT%20Initiative/Documents/NetBeansProjects/Library_Management_System/src/library_management_system/Library_Management_System.java</file>
            <file>file:/C:/Users/Thandiwe.Nyama/OneDrive%20-%20Cape%20IT%20Initiative/Documents/NetBeansProjects/Library_Management_System/src/jframe/SignupPage.java</file>
        </group>
    </open-files>
</project-private>
